latitude,longitude,brightness,scan,track,acq_date,acq_time,satellite,confidence,version,bright_t31,frp,daynight
48.276,14.345,316.3,1.3,1.1,2018-10-19,0055,A,93,6.0NRT,282.2,26.2,N
57.037,1.961,311.1,1.1,1,2018-10-19,0230,A,73,6.0NRT,279.3,16.4,N
53.629,32.817,306.4,1.3,1.1,2018-10-19,0840,T,63,6.0NRT,284.9,12.9,D
52.959,33.778,303.7,1.2,1.1,2018-10-19,0840,T,28,6.0NRT,287.9,6.5,D
52.951,33.758,305.5,1.2,1.1,2018-10-19,0840,T,48,6.0NRT,288.3,7.7,D
52.948,33.768,300.7,1.2,1.1,2018-10-19,0840,T,41,6.0NRT,288.5,5.2,D
52.463,31.281,300.8,1.4,1.2,2018-10-19,0840,T,42,6.0NRT,289,7.2,D
51.989,34.316,330.5,1.1,1,2018-10-19,0840,T,87,6.0NRT,292,33,D
51.98,34.314,307,1.1,1,2018-10-19,0840,T,57,6.0NRT,290.7,7.1,D
52.166,31.53,300.2,1.4,1.2,2018-10-19,0840,T,33,6.0NRT,289.3,5.8,D
51.662,34.89,300.2,1.1,1,2018-10-19,0840,T,32,6.0NRT,288.8,4.6,D
51.419,33.517,313.1,1.2,1.1,2018-10-19,0840,T,73,6.0NRT,290.5,13.4,D
51.417,33.51,306.9,1.2,1.1,2018-10-19,0840,T,64,6.0NRT,290.8,8.8,D
51.415,33.527,302.2,1.2,1.1,2018-10-19,0840,T,51,6.0NRT,290.2,5.3,D
51.129,34.059,306.3,1.1,1,2018-10-19,0840,T,63,6.0NRT,293.9,5.4,D
51.044,34.235,306,1.1,1,2018-10-19,0840,T,63,6.0NRT,294.4,6.3,D
51.129,33.443,305.6,1.1,1.1,2018-10-19,0840,T,56,6.0NRT,294.4,5,D
51.128,33.459,304.1,1.1,1.1,2018-10-19,0840,T,35,6.0NRT,292.5,4.1,D
50.962,34.666,315,1.1,1,2018-10-19,0840,T,75,6.0NRT,292.6,13,D
50.96,34.681,306.4,1.1,1,2018-10-19,0840,T,63,6.0NRT,293,6.1,D
51.076,32.839,315.3,1.2,1.1,2018-10-19,0840,T,76,6.0NRT,292,15.3,D
51.066,32.836,328,1.2,1.1,2018-10-19,0840,T,85,6.0NRT,292.9,31.7,D
50.69,34.12,308.8,1.1,1,2018-10-19,0840,T,68,6.0NRT,293.4,8.6,D
50.52,33.931,314.7,1.1,1,2018-10-19,0840,T,75,6.0NRT,294,13.5,D
50.507,33.639,328.9,1.1,1.1,2018-10-19,0840,T,86,6.0NRT,293.5,30.6,D
50.302,34.352,306.7,1.1,1,2018-10-19,0840,T,63,6.0NRT,294.6,5.1,D
50.316,33.859,304.7,1.1,1,2018-10-19,0840,T,59,6.0NRT,294.1,4.5,D
50.486,32.179,301,1.2,1.1,2018-10-19,0840,T,35,6.0NRT,285.9,5.3,D
50.484,32.196,308.8,1.2,1.1,2018-10-19,0840,T,64,6.0NRT,284.7,12,D
50.011,34.81,309.2,1,1,2018-10-19,0840,T,67,6.0NRT,294.1,6.5,D
49.98,33.516,306.3,1.1,1.1,2018-10-19,0840,T,61,6.0NRT,294.5,5.4,D
49.932,33.676,308,1.1,1,2018-10-19,0840,T,57,6.0NRT,295.4,6.3,D
49.927,33.668,310.1,1.1,1,2018-10-19,0840,T,69,6.0NRT,296.1,8.5,D
50.038,32.471,306.2,1.2,1.1,2018-10-19,0840,T,62,6.0NRT,287.9,6.8,D
49.612,34.97,305.6,1,1,2018-10-19,0840,T,56,6.0NRT,295.1,3.8,D
49.69,34.223,304.8,1.1,1,2018-10-19,0840,T,50,6.0NRT,293.1,4.7,D
49.49,34.847,306.6,1,1,2018-10-19,0840,T,57,6.0NRT,294.6,5,D
49.376,34.24,306,1.1,1,2018-10-19,0840,T,55,6.0NRT,295.2,3.9,D
49.392,33.656,313.5,1.1,1,2018-10-19,0840,T,72,6.0NRT,295,10.1,D
49.383,33.601,310.1,1.1,1,2018-10-19,0840,T,67,6.0NRT,294.9,8.1,D
49.165,34.445,321.2,1,1,2018-10-19,0840,T,79,6.0NRT,295.8,17.6,D
49.227,33.81,316.3,1.1,1,2018-10-19,0840,T,75,6.0NRT,295.1,13.2,D
49.143,33.975,306.6,1.1,1,2018-10-19,0840,T,59,6.0NRT,295.8,4.5,D
49.099,34.022,305.8,1.1,1,2018-10-19,0840,T,56,6.0NRT,294.3,3.9,D
49.07,34.102,306.5,1.1,1,2018-10-19,0840,T,58,6.0NRT,294.7,4.9,D
49.079,33.882,304.5,1.1,1,2018-10-19,0840,T,49,6.0NRT,293.5,3.6,D
48.922,34.253,308.9,1,1,2018-10-19,0840,T,65,6.0NRT,294.9,6.3,D
48.52,34.634,315.8,1,1,2018-10-19,0840,T,56,6.0NRT,292.6,13.6,D
48.604,31.637,316,1.2,1.1,2018-10-19,0840,T,76,6.0NRT,286.3,17.2,D
48.604,31.63,311.9,1.2,1.1,2018-10-19,0840,T,72,6.0NRT,285.9,12.3,D
48.609,31.104,308.8,1.3,1.1,2018-10-19,0840,T,68,6.0NRT,288,9.8,D
48.599,31.101,307.6,1.3,1.1,2018-10-19,0840,T,66,6.0NRT,287.6,8.5,D
48.429,31.753,309.2,1.2,1.1,2018-10-19,0840,T,68,6.0NRT,293.6,6.8,D
48.427,31.769,320.5,1.2,1.1,2018-10-19,0840,T,80,6.0NRT,293.3,19.1,D
47.993,34.776,314.3,1,1,2018-10-19,0840,T,72,6.0NRT,296.4,9.8,D
47.991,34.789,321.7,1,1,2018-10-19,0840,T,79,6.0NRT,297.9,16.5,D
48.171,31.689,306.8,1.2,1.1,2018-10-19,0840,T,64,6.0NRT,289.5,8.4,D
46.818,33.283,308.3,1.1,1,2018-10-19,0840,T,56,6.0NRT,296,4.7,D
44.248,24.107,308.9,2.7,1.6,2018-10-19,0840,T,67,6.0NRT,288.3,28,D
44.244,24.1,307,2.7,1.6,2018-10-19,0840,T,63,6.0NRT,288.5,21.7,D
40.841,26.597,308.2,1.8,1.3,2018-10-19,0845,T,56,6.0NRT,292.6,9.2,D
40.738,26.32,305.5,1.8,1.3,2018-10-19,0845,T,29,6.0NRT,290.7,9.9,D
40.744,26.314,305.7,1.8,1.3,2018-10-19,0845,T,50,6.0NRT,290.9,11.1,D
38.984,31.598,320.1,1,1,2018-10-19,0845,T,76,6.0NRT,297.1,12.1,D
39.664,22.696,305.9,2.9,1.6,2018-10-19,0845,T,44,6.0NRT,291.5,20.5,D
38.237,33.243,312.7,1,1,2018-10-19,0845,T,61,6.0NRT,298.4,5.4,D
38.235,33.255,322.2,1,1,2018-10-19,0845,T,77,6.0NRT,298.6,14.2,D
38.207,33.318,312.5,1,1,2018-10-19,0845,T,62,6.0NRT,297.7,6.1,D
38.205,33.33,314.9,1,1,2018-10-19,0845,T,67,6.0NRT,297.2,8.1,D
37.708,33.253,313,1,1,2018-10-19,0845,T,52,6.0NRT,298.9,5.5,D
37.69,33.249,312.5,1,1,2018-10-19,0845,T,62,6.0NRT,297.2,5.2,D
37.621,33.156,316,1,1,2018-10-19,0845,T,71,6.0NRT,298.3,7.8,D
37.596,33.256,311.2,1,1,2018-10-19,0845,T,56,6.0NRT,297.2,4,D
36.75,34.976,317,1.2,1.1,2018-10-19,0845,T,64,6.0NRT,301.3,10,D
51.489,26.995,313.5,3.3,1.7,2018-10-19,1020,T,74,6.0NRT,288.9,64.8,D
51.492,26.992,312,3.3,1.7,2018-10-19,1020,T,72,6.0NRT,289.1,61.2,D
52.16,10.413,309,1.1,1,2018-10-19,1020,T,40,6.0NRT,290.2,8.2,D
52.153,10.394,307.8,1.1,1,2018-10-19,1020,T,57,6.0NRT,289.2,7.8,D
52.151,10.41,312.1,1.1,1,2018-10-19,1020,T,72,6.0NRT,289.4,11,D
51.491,6.741,300.8,1.4,1.2,2018-10-19,1020,T,18,6.0NRT,283.3,6.9,D
51.483,6.719,300.9,1.4,1.2,2018-10-19,1020,T,0,6.0NRT,283,6.6,D
51.174,3.825,305.5,1.8,1.3,2018-10-19,1020,T,46,6.0NRT,288.2,15,D
51.162,3.823,304.8,1.8,1.3,2018-10-19,1020,T,45,6.0NRT,288.4,14.2,D
49.532,8.414,302.7,1.1,1.1,2018-10-19,1020,T,0,6.0NRT,290,4.5,D
48.984,12.186,303.5,1,1,2018-10-19,1020,T,56,6.0NRT,290.8,3.9,D
48.754,12.876,301.1,1,1,2018-10-19,1020,T,0,6.0NRT,287.9,3.8,D
49.359,6.755,301.3,1.3,1.1,2018-10-19,1020,T,16,6.0NRT,283.8,6.6,D
49.351,6.735,308,1.3,1.1,2018-10-19,1020,T,66,6.0NRT,286.5,12.7,D
48.274,14.336,318,1.1,1.1,2018-10-19,1020,T,68,6.0NRT,293.7,18,D
48.271,14.351,302.3,1.1,1.1,2018-10-19,1020,T,0,6.0NRT,290.3,4.6,D
49.248,6.849,300.7,1.3,1.1,2018-10-19,1020,T,40,6.0NRT,285.8,6.7,D
47.371,17.032,307.4,1.5,1.2,2018-10-19,1020,T,65,6.0NRT,289.6,11.7,D
47.367,17.051,305.3,1.5,1.2,2018-10-19,1020,T,61,6.0NRT,290.1,9.5,D
47.364,17.044,310.3,1.5,1.2,2018-10-19,1020,T,70,6.0NRT,290.2,14.2,D
45.144,19.18,310.3,2.2,1.4,2018-10-19,1020,T,70,6.0NRT,293.6,19.1,D
43.684,24.563,311.1,4.6,2,2018-10-19,1020,T,57,6.0NRT,286.3,73.2,D
43.685,24.557,310.2,4.6,2,2018-10-19,1020,T,51,6.0NRT,286.2,67.1,D
44.536,20.223,304.1,2.6,1.5,2018-10-19,1020,T,55,6.0NRT,290.3,14,D
45.864,12.07,304.8,1,1,2018-10-19,1020,T,60,6.0NRT,294,4.3,D
45.567,12.119,307.2,1,1,2018-10-19,1020,T,65,6.0NRT,294.2,5,D
45.531,12.115,305.7,1,1,2018-10-19,1020,T,62,6.0NRT,293.6,4.4,D
45.531,10.822,305.4,1,1,2018-10-19,1020,T,54,6.0NRT,292.9,4.3,D
45.423,11.16,308.8,1,1,2018-10-19,1020,T,64,6.0NRT,293.3,6.5,D
45.458,10.452,314.9,1,1,2018-10-19,1020,T,72,6.0NRT,296.5,8.9,D
45.456,10.464,310.7,1,1,2018-10-19,1020,T,65,6.0NRT,296.2,5.8,D
45.26,11.017,306.4,1,1,2018-10-19,1020,T,49,6.0NRT,294.3,3.8,D
45.24,11.085,306.7,1,1,2018-10-19,1020,T,50,6.0NRT,295.4,3.9,D
45.186,11.015,316.5,1,1,2018-10-19,1020,T,73,6.0NRT,294.5,10.9,D
45.177,11.013,310.9,1,1,2018-10-19,1020,T,57,6.0NRT,294.1,6.1,D
45.421,8.485,310,1,1,2018-10-19,1020,T,69,6.0NRT,293.4,7.2,D
44.955,11.652,309.5,1,1,2018-10-19,1020,T,49,6.0NRT,296.2,5.3,D
44.952,11.665,317.8,1,1,2018-10-19,1020,T,65,6.0NRT,296.3,12.3,D
45.144,9.942,308.7,1,1,2018-10-19,1020,T,57,6.0NRT,295.5,5.3,D
44.53,10.871,302.9,1,1,2018-10-19,1020,T,54,6.0NRT,291.6,3.3,D
43.449,4.895,306.5,1.3,1.1,2018-10-19,1020,T,55,6.0NRT,291,8.5,D
36.793,7.698,312.5,1,1,2018-10-19,1025,T,71,6.0NRT,294.5,7.1,D
36.791,7.71,311.6,1,1,2018-10-19,1025,T,70,6.0NRT,294.1,6,D
37.635,33.171,330.8,2.3,1.5,2018-10-19,1020,A,86,6.0NRT,297.9,76.9,D
37.629,33.146,317.3,2.3,1.5,2018-10-19,1020,A,74,6.0NRT,298.1,27.6,D
37.632,33.167,333.1,2.3,1.5,2018-10-19,1020,A,87,6.0NRT,298.2,88.3,D
46.394,34.209,313.8,1.3,1.1,2018-10-19,1025,A,70,6.0NRT,296.7,10.6,D
46.391,34.193,309.3,1.3,1.1,2018-10-19,1025,A,40,6.0NRT,297,6.1,D
46.394,34.202,317.4,1.3,1.1,2018-10-19,1025,A,74,6.0NRT,297.1,14.4,D
46.626,34.847,313,1.2,1.1,2018-10-19,1025,A,67,6.0NRT,299.1,8.1,D
46.623,34.832,324.3,1.2,1.1,2018-10-19,1025,A,80,6.0NRT,298.9,21.5,D
46.813,33.272,317.1,1.3,1.2,2018-10-19,1025,A,72,6.0NRT,295.6,18.2,D
48.089,34.883,308.6,1.1,1.1,2018-10-19,1025,A,57,6.0NRT,297.4,5.5,D
47.027,29.49,311.9,2,1.4,2018-10-19,1025,A,72,6.0NRT,294.6,19.9,D
48.526,33.02,310.5,1.3,1.1,2018-10-19,1025,A,70,6.0NRT,295.7,8.5,D
48.398,31.616,303.2,1.5,1.2,2018-10-19,1025,A,33,6.0NRT,287.7,5.1,D
48.441,31.72,313.5,1.5,1.2,2018-10-19,1025,A,59,6.0NRT,279.3,17.9,D
48.257,30.762,300.7,1.6,1.3,2018-10-19,1025,A,40,6.0NRT,284.1,8.9,D
48.904,34.064,309.5,1.2,1.1,2018-10-19,1025,A,67,6.0NRT,283.5,11.9,D
48.906,34.058,302.1,1.2,1.1,2018-10-19,1025,A,29,6.0NRT,283.4,7.3,D
48.255,30.758,302,1.6,1.3,2018-10-19,1025,A,50,6.0NRT,284.2,9.6,D
48.283,30.722,306.5,1.6,1.3,2018-10-19,1025,A,64,6.0NRT,287.6,14.8,D
49.054,34.448,304.3,1.1,1.1,2018-10-19,1025,A,52,6.0NRT,288.6,6,D
49.014,34.022,306.4,1.2,1.1,2018-10-19,1025,A,61,6.0NRT,286.3,7.9,D
48.883,33.302,303.5,1.2,1.1,2018-10-19,1025,A,42,6.0NRT,289.6,5.2,D
48.88,33.286,302.9,1.2,1.1,2018-10-19,1025,A,30,6.0NRT,289.4,5.2,D
48.713,32.414,309.7,1.3,1.1,2018-10-19,1025,A,67,6.0NRT,295.9,9.1,D
49.13,34.457,332.3,1.1,1.1,2018-10-19,1025,A,87,6.0NRT,293.8,34.8,D
49.128,34.442,321.4,1.1,1.1,2018-10-19,1025,A,80,6.0NRT,292.7,19.8,D
49.069,34.049,311.3,1.1,1.1,2018-10-19,1025,A,70,6.0NRT,288.7,11.8,D
48.599,31.098,319.2,1.5,1.2,2018-10-19,1025,A,79,6.0NRT,294.3,25.8,D
48.595,31.078,331.1,1.5,1.2,2018-10-19,1025,A,87,6.0NRT,294.3,51.1,D
49.209,34.059,301.9,1.1,1.1,2018-10-19,1025,A,41,6.0NRT,290.2,3.9,D
48.689,31.35,308.3,1.5,1.2,2018-10-19,1025,A,67,6.0NRT,290.8,11.5,D
48.685,31.331,322.3,1.5,1.2,2018-10-19,1025,A,82,6.0NRT,290.9,32.5,D
49.288,34.397,301.2,1.1,1.1,2018-10-19,1025,A,24,6.0NRT,278.4,5.8,D
49.297,34.393,326.9,1.1,1.1,2018-10-19,1025,A,84,6.0NRT,279.9,30.8,D
48.21,28.92,302.8,2,1.4,2018-10-19,1025,A,54,6.0NRT,289.5,11.9,D
49.324,34.184,314.7,1.1,1.1,2018-10-19,1025,A,74,6.0NRT,291.5,13.2,D
49.014,32.394,312,1.3,1.1,2018-10-19,1025,A,72,6.0NRT,294.2,13.3,D
49.365,34.248,322.6,1.1,1.1,2018-10-19,1025,A,81,6.0NRT,296.2,20.9,D
49.352,34.173,336.5,1.1,1.1,2018-10-19,1025,A,90,6.0NRT,297.4,40.5,D
49.301,33.884,305.4,1.2,1.1,2018-10-19,1025,A,58,6.0NRT,292.3,6.3,D
49.374,34.244,308.6,1.1,1.1,2018-10-19,1025,A,30,6.0NRT,295.4,6.1,D
49.364,34.184,317.6,1.1,1.1,2018-10-19,1025,A,77,6.0NRT,295.4,14.4,D
49.361,34.169,364.9,1.1,1.1,2018-10-19,1025,A,100,6.0NRT,299.9,115.1,D
49.377,33.944,308.1,1.1,1.1,2018-10-19,1025,A,64,6.0NRT,295.4,7,D
49.395,33.937,339,1.1,1.1,2018-10-19,1025,A,91,6.0NRT,297.4,47.7,D
49.392,33.921,331.5,1.1,1.1,2018-10-19,1025,A,87,6.0NRT,296,35,D
48.573,29.797,311.2,1.8,1.3,2018-10-19,1025,A,71,6.0NRT,290.8,18.9,D
49.434,34.1,311.1,1.1,1.1,2018-10-19,1025,A,69,6.0NRT,297.4,9,D
49.431,34.085,308,1.1,1.1,2018-10-19,1025,A,64,6.0NRT,296.6,6.1,D
49.588,34.888,305.1,1.1,1,2018-10-19,1025,A,53,6.0NRT,294.6,3.6,D
49.392,33.639,308.4,1.2,1.1,2018-10-19,1025,A,65,6.0NRT,297.1,6,D
49.39,33.624,306.8,1.2,1.1,2018-10-19,1025,A,54,6.0NRT,296.5,4.8,D
49.394,33.634,307.5,1.2,1.1,2018-10-19,1025,A,44,6.0NRT,296.8,6.3,D
49.415,33.692,308.2,1.2,1.1,2018-10-19,1025,A,56,6.0NRT,297.3,7,D
49.416,33.421,323.9,1.2,1.1,2018-10-19,1025,A,82,6.0NRT,296.1,24.8,D
48.873,30.414,306.3,1.6,1.3,2018-10-19,1025,A,63,6.0NRT,289.2,13.3,D
49.675,34.18,306.6,1.1,1.1,2018-10-19,1025,A,49,6.0NRT,293.6,5.1,D
50.014,34.809,317.3,1.1,1,2018-10-19,1025,A,76,6.0NRT,296.3,13.1,D
49.481,31.654,313.9,1.4,1.2,2018-10-19,1025,A,31,6.0NRT,281.8,18.8,D
49.491,31.65,316.4,1.4,1.2,2018-10-19,1025,A,69,6.0NRT,281.3,22.7,D
49.488,31.631,314.1,1.4,1.2,2018-10-19,1025,A,59,6.0NRT,281,19.5,D
49.487,31.645,326.5,1.4,1.2,2018-10-19,1025,A,69,6.0NRT,282.7,37.6,D
48.628,27.607,315.3,2.3,1.5,2018-10-19,1025,A,76,6.0NRT,291.2,41.2,D
49.932,33.672,310.7,1.1,1.1,2018-10-19,1025,A,69,6.0NRT,297.6,8.8,D
49.93,33.656,310.8,1.1,1.1,2018-10-19,1025,A,69,6.0NRT,295.7,8.7,D
49.735,32.26,309.8,1.3,1.1,2018-10-19,1025,A,69,6.0NRT,293.7,11.2,D
49.731,32.243,323.7,1.3,1.1,2018-10-19,1025,A,83,6.0NRT,293.1,29.1,D
49.978,33.514,330.5,1.2,1.1,2018-10-19,1025,A,87,6.0NRT,298.6,32.5,D
49.99,33.525,307.5,1.2,1.1,2018-10-19,1025,A,47,6.0NRT,294,5.8,D
49.987,33.509,347.9,1.2,1.1,2018-10-19,1025,A,95,6.0NRT,295.9,68,D
50.156,34.214,311.5,1.1,1,2018-10-19,1025,A,69,6.0NRT,296.3,9.4,D
49.899,32.511,307.7,1.3,1.1,2018-10-19,1025,A,66,6.0NRT,296.7,7.6,D
50.019,32.65,321.3,1.2,1.1,2018-10-19,1025,A,81,6.0NRT,292.7,22.3,D
50.318,34.005,327.4,1.1,1,2018-10-19,1025,A,85,6.0NRT,295.7,27.5,D
50.303,33.866,307.9,1.1,1.1,2018-10-19,1025,A,65,6.0NRT,296.6,6.3,D
50.456,33.811,308.1,1.1,1.1,2018-10-19,1025,A,66,6.0NRT,294.7,6.7,D
50.523,33.938,306.5,1.1,1,2018-10-19,1025,A,63,6.0NRT,295.1,5.6,D
50.521,33.923,313.4,1.1,1,2018-10-19,1025,A,73,6.0NRT,296.3,11.6,D
49.844,30.327,304.4,1.5,1.2,2018-10-19,1025,A,59,6.0NRT,280.3,13.8,D
49.84,30.307,300.6,1.6,1.2,2018-10-19,1025,A,40,6.0NRT,279.8,10.2,D
50.752,34.798,308.1,1,1,2018-10-19,1025,A,65,6.0NRT,294.9,6.5,D
50.86,34.209,304.3,1.1,1,2018-10-19,1025,A,57,6.0NRT,293.8,4.1,D
50.858,34.194,312.5,1.1,1,2018-10-19,1025,A,72,6.0NRT,294.6,10.4,D
50.956,34.67,305,1,1,2018-10-19,1025,A,59,6.0NRT,294.6,4.1,D
50.756,32.442,318.4,1.2,1.1,2018-10-19,1025,A,78,6.0NRT,284.5,20.8,D
51.127,34.059,311.8,1.1,1,2018-10-19,1025,A,10,6.0NRT,296,7.6,D
51.125,34.044,311.7,1.1,1,2018-10-19,1025,A,55,6.0NRT,295.2,7.6,D
51.119,34.014,351.6,1.1,1,2018-10-19,1025,A,96,6.0NRT,298.7,68.5,D
51.117,34,324.1,1.1,1,2018-10-19,1025,A,83,6.0NRT,297.7,19.5,D
51.128,34.011,363.7,1.1,1,2018-10-19,1025,A,100,6.0NRT,297.7,102.4,D
51.126,33.996,339.8,1.1,1,2018-10-19,1025,A,92,6.0NRT,298.4,42.8,D
51.248,34.398,307.5,1.1,1,2018-10-19,1025,A,65,6.0NRT,294.5,6.2,D
51.246,34.384,310.7,1.1,1,2018-10-19,1025,A,70,6.0NRT,294.7,8.2,D
51.094,33.266,302,1.1,1.1,2018-10-19,1025,A,46,6.0NRT,287.2,4.1,D
51.06,32.83,302.5,1.2,1.1,2018-10-19,1025,A,44,6.0NRT,290.1,4.8,D
51.265,33.057,300.9,1.1,1.1,2018-10-19,1025,A,25,6.0NRT,289.1,3.5,D
49.943,26.654,302.4,2.3,1.5,2018-10-19,1025,A,48,6.0NRT,289,12.9,D
51.657,34.891,302.3,1,1,2018-10-19,1025,A,51,6.0NRT,291.2,4.7,D
50.471,27.292,305.2,2.1,1.4,2018-10-19,1025,A,26,6.0NRT,289.9,16,D
51.985,34.317,311.9,1,1,2018-10-19,1025,A,72,6.0NRT,293.2,10.3,D
51.983,34.302,311.6,1,1,2018-10-19,1025,A,71,6.0NRT,292.8,10.2,D
51.852,33.241,306.5,1.1,1,2018-10-19,1025,A,64,6.0NRT,288.9,8.2,D
51.85,33.226,315.6,1.1,1,2018-10-19,1025,A,76,6.0NRT,288.1,16.4,D
51.865,33.111,306,1.1,1.1,2018-10-19,1025,A,63,6.0NRT,285,8.8,D
52.073,33.542,303.7,1.1,1,2018-10-19,1025,A,52,6.0NRT,291.3,4.8,D
52.07,33.527,306,1.1,1,2018-10-19,1025,A,63,6.0NRT,292.3,6.6,D
52.405,34.598,321.2,1,1,2018-10-19,1025,A,81,6.0NRT,293.1,18,D
52.412,33.495,302.8,1.1,1,2018-10-19,1025,A,54,6.0NRT,290,5.3,D
52.409,33.48,319,1.1,1,2018-10-19,1025,A,79,6.0NRT,291.5,18.5,D
51.429,27.025,301.6,2,1.4,2018-10-19,1025,A,48,6.0NRT,290,11.2,D
51.489,26.984,319.1,2,1.4,2018-10-19,1025,A,79,6.0NRT,291.2,44.3,D
52.945,33.758,305.2,1,1,2018-10-19,1025,A,61,6.0NRT,289.2,6.6,D
53.709,34.136,302,1,1,2018-10-19,1025,A,50,6.0NRT,288.6,5.4,D
53.622,32.806,304.9,1.1,1,2018-10-19,1025,A,60,6.0NRT,287.9,7.6,D
53.171,30.17,309,1.3,1.1,2018-10-19,1025,A,68,6.0NRT,289.4,13.9,D
54.231,34.725,301.5,1,1,2018-10-19,1025,A,46,6.0NRT,286.2,5,D
54.238,34.707,302.8,1,1,2018-10-19,1025,A,54,6.0NRT,286.1,5.7,D
52.944,26.459,304.8,1.9,1.3,2018-10-19,1025,A,60,6.0NRT,287.1,16,D
52.938,26.433,301,1.9,1.3,2018-10-19,1025,A,43,6.0NRT,285.5,10.7,D
54.422,33.258,304.3,1,1,2018-10-19,1025,A,59,6.0NRT,287.8,6.8,D
54.431,33.254,301.2,1,1,2018-10-19,1025,A,45,6.0NRT,287.9,4.9,D
54.149,30.631,304.2,1.2,1.1,2018-10-19,1025,A,58,6.0NRT,288.2,8.7,D
54.611,32.97,302.3,1,1,2018-10-19,1025,A,52,6.0NRT,287.7,6,D
39.193,22.678,310.6,1.7,1.3,2018-10-19,1200,A,68,6.0NRT,296.6,10,D
38.383,15.983,307.6,1,1,2018-10-19,1200,A,54,6.0NRT,294.5,5.1,D
39.281,22.534,316,1.7,1.3,2018-10-19,1200,A,68,6.0NRT,297.2,18.9,D
39.279,22.515,312.3,1.7,1.3,2018-10-19,1200,A,59,6.0NRT,297.3,11.8,D
39.534,21.629,310.2,1.5,1.2,2018-10-19,1200,A,51,6.0NRT,297.2,8,D
39.659,22.713,311,1.7,1.3,2018-10-19,1200,A,56,6.0NRT,296,12.9,D
40.195,21.985,316.4,1.6,1.2,2018-10-19,1200,A,74,6.0NRT,297.9,19.8,D
40.287,21.391,308.2,1.5,1.2,2018-10-19,1200,A,60,6.0NRT,292.2,8.1,D
40.807,26.308,306.9,2.9,1.6,2018-10-19,1200,A,30,6.0NRT,292.6,19.9,D
40.799,26.17,306,2.9,1.6,2018-10-19,1200,A,44,6.0NRT,291.7,19.7,D
40.914,26.326,309,3,1.6,2018-10-19,1200,A,48,6.0NRT,292.6,23.1,D
40.913,26.321,308.9,3,1.6,2018-10-19,1200,A,52,6.0NRT,292.5,24.3,D
41.077,23.313,309.9,2,1.4,2018-10-19,1200,A,53,6.0NRT,294.2,11.3,D
41.279,21.193,307.3,1.5,1.2,2018-10-19,1200,A,40,6.0NRT,295.5,8.4,D
42.128,24.26,321.8,2.3,1.5,2018-10-19,1200,A,80,6.0NRT,294.7,48.8,D
42.127,24.281,312.2,2.3,1.5,2018-10-19,1200,A,68,6.0NRT,293.9,22.1,D
42.125,24.253,316.3,2.3,1.5,2018-10-19,1200,A,74,6.0NRT,294.8,35.4,D
42.268,21.687,310.6,1.6,1.3,2018-10-19,1200,A,45,6.0NRT,295.1,12.2,D
41.4,13.016,312.1,1.1,1.1,2018-10-19,1200,A,69,6.0NRT,297.4,6.6,D
42.436,20.005,308.3,1.3,1.1,2018-10-19,1200,A,48,6.0NRT,291.7,11.3,D
41.571,12.87,309.9,1.1,1.1,2018-10-19,1200,A,67,6.0NRT,296.2,5.6,D
43.105,24.448,322.2,2.4,1.5,2018-10-19,1200,A,81,6.0NRT,290.3,63.4,D
43.117,24.418,313.7,2.4,1.5,2018-10-19,1200,A,62,6.0NRT,291.2,33.4,D
43.113,24.443,321.8,2.4,1.5,2018-10-19,1200,A,80,6.0NRT,290.5,59.8,D
43.398,25.057,311.9,2.6,1.6,2018-10-19,1200,A,72,6.0NRT,291.8,28.5,D
43.404,25.049,311.4,2.6,1.6,2018-10-19,1200,A,71,6.0NRT,291.5,25.2,D
43.439,25.176,306.7,2.7,1.6,2018-10-19,1200,A,64,6.0NRT,290.9,15.7,D
43.065,18.238,307.6,1.1,1.1,2018-10-19,1200,A,51,6.0NRT,297.4,5.4,D
43.064,18.224,307.5,1.1,1.1,2018-10-19,1200,A,47,6.0NRT,296.7,5.2,D
42.39,12.814,309.9,1.1,1,2018-10-19,1200,A,49,6.0NRT,297.1,7.2,D
44.035,26.094,319,3.1,1.7,2018-10-19,1200,A,45,6.0NRT,287.2,70.8,D
44.035,26.086,312.8,3.1,1.7,2018-10-19,1200,A,63,6.0NRT,286.9,50.5,D
43.902,21.427,304.2,1.7,1.3,2018-10-19,1200,A,58,6.0NRT,290.4,8.2,D
44.268,21.198,311.4,1.6,1.3,2018-10-19,1200,A,71,6.0NRT,293,16.8,D
44.352,20.017,306.9,1.4,1.2,2018-10-19,1200,A,64,6.0NRT,291.3,9.8,D
44.489,20.393,315.4,1.5,1.2,2018-10-19,1200,A,76,6.0NRT,293.8,19.6,D
43.96,15.508,320.2,1,1,2018-10-19,1200,A,60,6.0NRT,296.8,14.1,D
43.958,15.496,315.8,1,1,2018-10-19,1200,A,58,6.0NRT,296.9,9.8,D
44.464,19.735,303.9,1.4,1.2,2018-10-19,1200,A,56,6.0NRT,292.8,5.7,D
44.637,19.533,303.5,1.4,1.2,2018-10-19,1200,A,53,6.0NRT,292.2,5.1,D
44.822,20.064,316.9,1.4,1.2,2018-10-19,1200,A,75,6.0NRT,296.5,16.4,D
44.754,19.282,313.2,1.3,1.1,2018-10-19,1200,A,72,6.0NRT,296,11.5,D
44.914,20.189,311.4,1.5,1.2,2018-10-19,1200,A,67,6.0NRT,297.2,8.6,D
44.89,19.717,310.8,1.4,1.2,2018-10-19,1200,A,58,6.0NRT,294.6,9.3,D
44.89,19.506,309.8,1.4,1.2,2018-10-19,1200,A,66,6.0NRT,295.3,8.2,D
45.072,21.069,310.4,1.6,1.3,2018-10-19,1200,A,65,6.0NRT,294.9,11.4,D
45.003,19.944,317.6,1.4,1.2,2018-10-19,1200,A,75,6.0NRT,297.3,15.5,D
44.095,12.364,319,1.1,1,2018-10-19,1200,A,79,6.0NRT,293.5,15.9,D
44.093,12.351,305.7,1.1,1,2018-10-19,1200,A,50,6.0NRT,293.4,4.6,D
44.102,12.348,310.7,1.1,1,2018-10-19,1200,A,54,6.0NRT,293.5,7.8,D
45.163,19.219,313.3,1.3,1.1,2018-10-19,1200,A,72,6.0NRT,296,11.2,D
45.169,18.501,307.8,1.2,1.1,2018-10-19,1200,A,63,6.0NRT,294.3,5.9,D
44.482,11.839,305.9,1.1,1,2018-10-19,1200,A,62,6.0NRT,295.2,4.3,D
44.744,12.074,312.4,1.1,1,2018-10-19,1200,A,70,6.0NRT,295.2,8.6,D
44.742,12.061,306.8,1.1,1,2018-10-19,1200,A,59,6.0NRT,295.9,4.2,D
44.882,12.345,313,1.1,1,2018-10-19,1200,A,61,6.0NRT,295.9,8.9,D
45.181,11.011,309.1,1.2,1.1,2018-10-19,1200,A,62,6.0NRT,295.6,6.1,D
45.302,11.514,309.6,1.1,1,2018-10-19,1205,A,61,6.0NRT,297.3,5.7,D
45.254,11.011,306.6,1.2,1.1,2018-10-19,1205,A,51,6.0NRT,295.6,4.2,D
45.564,12.116,308.4,1.1,1,2018-10-19,1205,A,59,6.0NRT,295.7,5.4,D
45.956,12.137,304.4,1.1,1,2018-10-19,1205,A,44,6.0NRT,293.7,4.6,D
48.277,14.33,316.3,1,1,2018-10-19,1205,A,67,6.0NRT,293.6,12.6,D
48.384,10.336,302.8,1.1,1,2018-10-19,1205,A,54,6.0NRT,288.1,6,D
48.751,10.291,300.9,1.1,1,2018-10-19,1205,A,41,6.0NRT,289.4,4.1,D
49.524,8.413,304.4,1.2,1.1,2018-10-19,1205,A,0,6.0NRT,291.5,5.6,D
51.427,27.06,302.7,3.9,1.8,2018-10-19,1205,A,53,6.0NRT,287.2,37.4,D
51.426,27.004,309.9,3.9,1.8,2018-10-19,1205,A,69,6.0NRT,288,68.5,D
51.431,27.056,304.4,3.9,1.8,2018-10-19,1205,A,59,6.0NRT,287.4,43.9,D
51.43,27,308.3,3.9,1.8,2018-10-19,1205,A,67,6.0NRT,288.1,60.7,D
51.48,26.998,303.9,3.9,1.8,2018-10-19,1205,A,57,6.0NRT,288,38.6,D
51.479,26.943,300.1,3.8,1.8,2018-10-19,1205,A,27,6.0NRT,288.6,23.2,D
49.348,6.738,303.6,1.4,1.2,2018-10-19,1205,A,56,6.0NRT,292.1,7.9,D
51.548,27.11,313.7,3.9,1.8,2018-10-19,1205,A,74,6.0NRT,288.6,85.4,D
51.487,26.989,306.9,3.9,1.8,2018-10-19,1205,A,64,6.0NRT,288.5,48.7,D
51.555,27.1,304.7,3.9,1.8,2018-10-19,1205,A,54,6.0NRT,289,38.3,D
49.499,5.965,301,1.5,1.2,2018-10-19,1205,A,42,6.0NRT,290.9,6.5,D
52.156,10.404,319.1,1,1,2018-10-19,1205,A,79,6.0NRT,292.1,16.1,D
52.154,10.39,306.9,1,1,2018-10-19,1205,A,43,6.0NRT,290.7,6.2,D
51.168,3.817,318.8,1.7,1.3,2018-10-19,1205,A,60,6.0NRT,289.9,33.2,D
51.165,3.814,315.6,1.7,1.3,2018-10-19,1205,A,66,6.0NRT,290.2,29.1,D
51.031,2.289,302.5,2,1.4,2018-10-19,1205,A,40,6.0NRT,290.3,13.2,D
52.118,5.796,317,1.3,1.1,2018-10-19,1205,A,77,6.0NRT,285.1,23.8,D
52.128,5.79,307.7,1.3,1.1,2018-10-19,1205,A,59,6.0NRT,284.6,12.6,D
46.37,-0.079,307.4,2.7,1.6,2018-10-19,1340,A,64,6.0NRT,291.8,26.8,D
46.368,-0.113,304.1,2.7,1.6,2018-10-19,1340,A,56,6.0NRT,291.4,18.4,D
46.375,-0.087,312.1,2.7,1.6,2018-10-19,1340,A,71,6.0NRT,292,38.9,D
51.034,2.274,301.8,3.8,1.8,2018-10-19,1345,A,0,6.0NRT,285.4,35.6,D
41.193,32.624,312.6,1,1,2018-10-19,1950,T,85,6.0NRT,285.5,13.5,N
41.191,32.612,303.9,1,1,2018-10-19,1950,T,58,6.0NRT,285.1,7.6,N
48.164,30.622,322.5,1,1,2018-10-19,1950,T,100,6.0NRT,279.5,24,N
48.162,30.609,315,1,1,2018-10-19,1950,T,90,6.0NRT,277.1,17.3,N
51.655,27.213,304.1,1,1,2018-10-19,1950,T,58,6.0NRT,280,10.6,N
45.142,9.939,300.3,1.2,1.1,2018-10-19,2130,T,23,6.0NRT,283.6,7.9,N
48.272,14.328,302.6,2,1.4,2018-10-19,2130,T,50,6.0NRT,281.5,24.2,N
49.502,5.962,308.3,1,1,2018-10-19,2130,T,74,6.0NRT,280.6,12.5,N
51.369,6.709,310.6,1.1,1,2018-10-19,2130,T,81,6.0NRT,283.9,15.1,N
51.487,6.708,309.9,1.1,1,2018-10-19,2130,T,53,6.0NRT,281.7,13.5,N
51.164,3.814,318.5,1,1,2018-10-19,2130,T,97,6.0NRT,281.7,20.4,N
51.173,3.811,312.4,1,1,2018-10-19,2130,T,85,6.0NRT,283.3,15,N
52.482,4.594,301,1,1,2018-10-19,2130,T,24,6.0NRT,280.2,7.7,N
53.565,-0.603,303.9,1.1,1.1,2018-10-19,2130,T,58,6.0NRT,277.4,12,N
47.875,33.447,311.2,1,1,2018-10-20,0000,A,82,6.0NRT,279.8,14.5,N
53.135,8.685,312.8,1,1,2018-10-20,0135,A,86,6.0NRT,277.4,17.4,N
52.157,10.4,308.8,1,1,2018-10-20,0135,A,76,6.0NRT,280,12.9,N
52.154,10.415,309,1,1,2018-10-20,0135,A,76,6.0NRT,277.9,13,N
51.486,6.712,309.6,1.1,1,2018-10-20,0135,A,78,6.0NRT,280.2,15.2,N
51.364,6.717,300.1,1.1,1,2018-10-20,0135,A,16,6.0NRT,280,9,N
51.045,2.309,305.6,1.6,1.2,2018-10-20,0135,A,65,6.0NRT,272.3,22,N
45.144,9.949,305.2,1.1,1.1,2018-10-20,0140,A,63,6.0NRT,278.5,11.8,N
43.449,4.898,310.3,1,1,2018-10-20,0140,A,80,6.0NRT,286,12.1,N
53.268,31.012,307.6,1.1,1.1,2018-10-20,0925,T,66,6.0NRT,283.3,12.2,D
52.721,27.964,300.7,1,1,2018-10-20,0925,T,34,6.0NRT,283.6,5.6,D
51.273,34.863,302.9,1.8,1.3,2018-10-20,0925,T,54,6.0NRT,286.3,12.6,D
51.268,34.886,305.4,1.8,1.3,2018-10-20,0925,T,61,6.0NRT,286.7,15.9,D
51.077,34.182,311.3,1.7,1.3,2018-10-20,0925,T,71,6.0NRT,288.5,22.7,D
49.851,33.71,311.2,1.7,1.3,2018-10-20,0925,T,57,6.0NRT,279.2,25,D
50.014,32.838,327.4,1.5,1.2,2018-10-20,0925,T,85,6.0NRT,292.1,45.8,D
50.01,32.858,320.8,1.5,1.2,2018-10-20,0925,T,80,6.0NRT,292.2,32.5,D
49.301,34.399,308.6,1.9,1.3,2018-10-20,0925,T,67,6.0NRT,280,24.3,D
49.797,31.943,332.1,1.4,1.2,2018-10-20,0925,T,88,6.0NRT,286.4,48.1,D
49.793,31.962,324.3,1.4,1.2,2018-10-20,0925,T,67,6.0NRT,288.2,32.5,D
49.243,34.061,301.2,1.8,1.3,2018-10-20,0925,T,41,6.0NRT,279.7,11.3,D
49.081,34.762,306.8,2,1.4,2018-10-20,0925,T,64,6.0NRT,289.8,17,D
49.53,32.423,312.3,1.5,1.2,2018-10-20,0925,T,72,6.0NRT,278.4,22.4,D
49.083,33.753,311.4,1.8,1.3,2018-10-20,0925,T,45,6.0NRT,275.5,24.8,D
49.078,33.744,303.9,1.8,1.3,2018-10-20,0925,T,58,6.0NRT,275.2,16.3,D
49.073,33.767,320.6,1.8,1.3,2018-10-20,0925,T,80,6.0NRT,277.7,46.8,D
48.652,34.893,303.4,2.1,1.4,2018-10-20,0925,T,56,6.0NRT,285.4,13,D
48.652,34.887,305.5,2.1,1.4,2018-10-20,0925,T,61,6.0NRT,285.1,16.2,D
49.556,28.564,300.5,1.1,1,2018-10-20,0925,T,37,6.0NRT,286.7,4.5,D
49.552,28.555,302.7,1.1,1,2018-10-20,0925,T,53,6.0NRT,286.9,6.6,D
48.898,30.315,304.6,1.3,1.1,2018-10-20,0925,T,59,6.0NRT,291.6,6.6,D
48.751,31.066,307.6,1.4,1.2,2018-10-20,0925,T,65,6.0NRT,290.9,12.1,D
48.652,31.444,307,1.4,1.2,2018-10-20,0925,T,61,6.0NRT,292.8,10,D
48.688,31.157,307,1.4,1.2,2018-10-20,0925,T,61,6.0NRT,291,8.5,D
48.684,31.148,309.2,1.4,1.2,2018-10-20,0925,T,68,6.0NRT,290.7,11.5,D
49.055,28.853,314.8,1.1,1.1,2018-10-20,0925,T,65,6.0NRT,279.4,16.2,D
49.049,28.834,307.9,1.1,1.1,2018-10-20,0925,T,27,6.0NRT,283.5,10.2,D
49.046,28.849,320.7,1.1,1.1,2018-10-20,0925,T,80,6.0NRT,279.9,22.9,D
48.517,31.287,306.5,1.4,1.2,2018-10-20,0925,T,64,6.0NRT,292.3,8.1,D
48.557,30.867,337.9,1.4,1.2,2018-10-20,0925,T,91,6.0NRT,290.7,60.3,D
48.562,30.863,311.6,1.4,1.2,2018-10-20,0925,T,57,6.0NRT,289.1,14.4,D
48.552,30.859,332,1.4,1.2,2018-10-20,0925,T,88,6.0NRT,289.5,48.1,D
48.548,30.877,315,1.4,1.2,2018-10-20,0925,T,67,6.0NRT,288.8,19.3,D
48.656,29.939,311.2,1.3,1.1,2018-10-20,0925,T,71,6.0NRT,290.3,13.1,D
48.652,29.955,334.1,1.3,1.1,2018-10-20,0925,T,89,6.0NRT,291.1,46.9,D
48.234,31.795,303.1,1.5,1.2,2018-10-20,0925,T,48,6.0NRT,284,9.7,D
48.223,31.79,304.7,1.5,1.2,2018-10-20,0925,T,56,6.0NRT,283.5,11.6,D
47.613,34.06,327.6,2.1,1.4,2018-10-20,0925,T,85,6.0NRT,286.3,71.5,D
47.607,34.086,314.7,2.1,1.4,2018-10-20,0925,T,70,6.0NRT,286.7,35,D
48.538,29.001,307.5,1.2,1.1,2018-10-20,0925,T,36,6.0NRT,279.3,10.8,D
48.536,28.993,302.2,1.2,1.1,2018-10-20,0925,T,36,6.0NRT,276.8,8.4,D
48.165,30.623,300.7,1.4,1.2,2018-10-20,0925,T,33,6.0NRT,274.1,7.1,D
48.53,27.845,300.9,1.1,1,2018-10-20,0925,T,17,6.0NRT,278,6.4,D
48.527,27.86,304.5,1.1,1,2018-10-20,0925,T,45,6.0NRT,280.4,8.9,D
48.165,28.689,301.1,1.2,1.1,2018-10-20,0925,T,40,6.0NRT,282.9,4.7,D
47.508,30.009,305.7,1.3,1.1,2018-10-20,0925,T,42,6.0NRT,285.1,8.2,D
47.498,30.017,312,1.3,1.1,2018-10-20,0925,T,72,6.0NRT,284.9,15.5,D
47.706,28.461,302.5,1.2,1.1,2018-10-20,0925,T,52,6.0NRT,283.2,6.4,D
47.703,28.476,300.8,1.2,1.1,2018-10-20,0925,T,42,6.0NRT,283.6,5.3,D
46.128,33.393,304.9,2.1,1.4,2018-10-20,0925,T,53,6.0NRT,292,10.5,D
46.861,28.965,302.1,1.2,1.1,2018-10-20,0925,T,44,6.0NRT,286.1,4.4,D
46.102,27.215,306.4,1.1,1.1,2018-10-20,0925,T,63,6.0NRT,291.3,6.5,D
44.992,27.258,302.5,1.2,1.1,2018-10-20,0925,T,52,6.0NRT,287.7,3.8,D
44.049,27.757,308.6,1.2,1.1,2018-10-20,0925,T,67,6.0NRT,292,8.5,D
43.973,27.778,309.8,1.3,1.1,2018-10-20,0925,T,68,6.0NRT,292.3,9.7,D
43.973,27.773,312.1,1.3,1.1,2018-10-20,0925,T,72,6.0NRT,292.1,12.7,D
43.91,22.831,319.2,1,1,2018-10-20,0925,T,56,6.0NRT,289.8,14.8,D
43.779,22.515,330.2,1,1,2018-10-20,0925,T,87,6.0NRT,290.8,27.9,D
43.73,22.86,332.4,1,1,2018-10-20,0925,T,76,6.0NRT,289.2,31.3,D
43.514,23.957,366.5,1,1,2018-10-20,0925,T,100,6.0NRT,295.6,102.3,D
43.512,23.969,332.3,1,1,2018-10-20,0925,T,88,6.0NRT,291.8,28.9,D
44.218,12.107,301.4,3.1,1.7,2018-10-20,0925,T,47,6.0NRT,289.6,17.3,D
43.965,15.506,303.9,2,1.4,2018-10-20,0925,T,57,6.0NRT,283.6,14.5,D
43.097,20.985,340.1,1.1,1,2018-10-20,0925,T,92,6.0NRT,288,48.4,D
43.25,17.872,307.2,1.4,1.2,2018-10-20,0925,T,62,6.0NRT,295.5,7.6,D
43.257,17.867,307.9,1.4,1.2,2018-10-20,0925,T,66,6.0NRT,296.5,8.4,D
42.916,17.897,304.8,1.4,1.2,2018-10-20,0925,T,55,6.0NRT,292.5,8.2,D
40.983,27.072,310.8,1.3,1.1,2018-10-20,0925,T,68,6.0NRT,292.3,9.2,D
40.981,26.349,309,1.2,1.1,2018-10-20,0925,T,53,6.0NRT,290.1,8.2,D
38.901,32.547,310.8,3,1.7,2018-10-20,0925,T,63,6.0NRT,296.3,29.8,D
40.179,26.422,306.4,1.3,1.1,2018-10-20,0925,T,47,6.0NRT,293.4,6,D
40.948,21.515,306,1,1,2018-10-20,0925,T,36,6.0NRT,292,3.6,D
40.896,21.423,321.7,1,1,2018-10-20,0925,T,80,6.0NRT,294.5,16.3,D
41.194,15.404,305.1,1.9,1.3,2018-10-20,0925,T,24,6.0NRT,295,10.6,D
41.192,15.425,306.8,1.9,1.3,2018-10-20,0925,T,53,6.0NRT,296.2,11.6,D
40.207,22.556,308.1,1,1,2018-10-20,0925,T,59,6.0NRT,294.1,4.1,D
40.254,21.4,306.9,1,1,2018-10-20,0925,T,53,6.0NRT,294.5,4.3,D
39.121,27.757,310.7,1.6,1.2,2018-10-20,0925,T,67,6.0NRT,297.1,9.6,D
37.694,33.403,307.8,3.7,1.8,2018-10-20,0925,T,58,6.0NRT,292.8,25.5,D
39.843,22.077,328.8,1,1,2018-10-20,0925,T,85,6.0NRT,299,21.2,D
39.755,22.424,311.6,1,1,2018-10-20,0925,T,69,6.0NRT,296.2,5.2,D
39.679,22.685,330.2,1,1,2018-10-20,0925,T,85,6.0NRT,297.2,24.1,D
39.677,22.697,309.9,1,1,2018-10-20,0925,T,59,6.0NRT,295.8,4.6,D
39.794,21.521,314.7,1,1,2018-10-20,0925,T,69,6.0NRT,297.5,9.1,D
39.792,21.533,319.6,1,1,2018-10-20,0925,T,77,6.0NRT,295,13.7,D
39.658,22.388,312.2,1,1,2018-10-20,0925,T,67,6.0NRT,296.9,6.4,D
39.926,20.283,316.4,1.1,1,2018-10-20,0925,T,74,6.0NRT,298.1,10.2,D
39.594,22.265,327.2,1,1,2018-10-20,0925,T,83,6.0NRT,299.1,18.9,D
39.592,22.277,318.8,1,1,2018-10-20,0925,T,76,6.0NRT,298.8,9.9,D
39.828,20.039,311.8,1.1,1,2018-10-20,0925,T,63,6.0NRT,300.4,5.1,D
39.502,21.886,312.8,1,1,2018-10-20,0925,T,68,6.0NRT,298.1,6.2,D
39.294,22.719,310.1,1,1,2018-10-20,0925,T,63,6.0NRT,296.6,4.8,D
39.103,22.333,310.8,1,1,2018-10-20,0925,T,49,6.0NRT,297.5,6,D
39.101,22.344,309.3,1,1,2018-10-20,0925,T,38,6.0NRT,296.8,4.9,D
38.564,23.297,306.5,1,1,2018-10-20,0925,T,47,6.0NRT,292.4,4.8,D
37.456,21.661,309.3,1,1,2018-10-20,0925,T,56,6.0NRT,297,5.5,D
55.699,32.891,307.5,1.2,1.1,2018-10-20,0920,T,65,6.0NRT,279,14.5,D
54.071,33.344,300.7,1.3,1.1,2018-10-20,0920,T,40,6.0NRT,283.2,9.1,D
53.553,33.7,328.7,1.4,1.2,2018-10-20,0920,T,86,6.0NRT,285.9,46.2,D
51.262,34.867,304.2,3.8,1.8,2018-10-20,0930,A,58,6.0NRT,285.3,47.2,D
53.557,33.688,303.1,3.5,1.8,2018-10-20,0930,A,55,6.0NRT,284.1,42.7,D
53.552,33.69,311.5,3.5,1.8,2018-10-20,0930,A,71,6.0NRT,284.3,74.5,D
56.933,-2.777,319.4,1.4,1.2,2018-10-20,1100,T,71,6.0NRT,287.3,29.5,D
56.929,-2.785,312.4,1.4,1.2,2018-10-20,1100,T,54,6.0NRT,287.2,20.7,D
54.325,-1.052,301.9,1.2,1.1,2018-10-20,1100,T,43,6.0NRT,281.2,8.3,D
54.394,-1.978,300.9,1.2,1.1,2018-10-20,1100,T,42,6.0NRT,279.9,8.2,D
51.493,6.745,307.5,1.3,1.1,2018-10-20,1100,T,55,6.0NRT,289.4,11.3,D
51.169,3.816,311.9,1,1,2018-10-20,1100,T,54,6.0NRT,276.8,13.5,D
51.054,0.742,301.9,1,1,2018-10-20,1100,T,50,6.0NRT,289.6,4.3,D
49.36,6.754,302.6,1.4,1.2,2018-10-20,1100,T,38,6.0NRT,291.4,6.9,D
49.505,5.968,300.5,1.3,1.1,2018-10-20,1100,T,38,6.0NRT,285.7,6,D
49.35,6.749,303.8,1.4,1.2,2018-10-20,1100,T,47,6.0NRT,291.7,7.8,D
49.345,6.741,301.6,1.4,1.2,2018-10-20,1100,T,31,6.0NRT,290.6,5.8,D
49.244,6.856,305.7,1.4,1.2,2018-10-20,1100,T,62,6.0NRT,289.4,11.4,D
43.446,4.896,305.4,1.6,1.2,2018-10-20,1105,T,0,6.0NRT,290.9,10.4,D
41.349,-6.67,305.5,1.3,1.1,2018-10-20,1105,T,57,6.0NRT,291.5,6.5,D
39.062,-6.463,304.7,1.2,1.1,2018-10-20,1105,T,54,6.0NRT,292.2,5.2,D
38.72,-7.484,306.3,1.4,1.2,2018-10-20,1105,T,59,6.0NRT,291.4,7,D
37.061,34.942,313.6,1.3,1.1,2018-10-20,1105,A,63,6.0NRT,297.8,7.1,D
37.329,33.466,331.1,1.1,1.1,2018-10-20,1105,A,87,6.0NRT,297.6,27.3,D
37.327,33.453,369.9,1.1,1.1,2018-10-20,1105,A,100,6.0NRT,304,128.7,D
37.503,33.991,313.9,1.2,1.1,2018-10-20,1105,A,72,6.0NRT,298,8.7,D
37.663,33.395,320,1.1,1.1,2018-10-20,1105,A,77,6.0NRT,299.4,13.4,D
37.656,32.986,316.6,1.1,1,2018-10-20,1105,A,73,6.0NRT,301.2,7.9,D
37.627,32.61,314.4,1.1,1,2018-10-20,1105,A,70,6.0NRT,297.2,7.8,D
38.201,30.029,318.3,1,1,2018-10-20,1105,A,73,6.0NRT,295.2,12.6,D
38.562,27.735,314.3,1.1,1.1,2018-10-20,1105,A,68,6.0NRT,300.3,7.5,D
39.561,34.038,328,1.3,1.1,2018-10-20,1105,A,81,6.0NRT,299.8,28.7,D
39.559,34.024,320.9,1.3,1.1,2018-10-20,1105,A,74,6.0NRT,299.3,17.6,D
37.756,22.268,303.5,2.3,1.5,2018-10-20,1105,A,15,6.0NRT,290.1,7.8,D
40.13,28.059,310.7,1.1,1,2018-10-20,1105,A,55,6.0NRT,293.4,7.4,D
40.119,27.934,306.4,1.1,1,2018-10-20,1105,A,60,6.0NRT,294.3,4.3,D
39.322,22.598,323.1,2,1.4,2018-10-20,1105,A,81,6.0NRT,296.8,44.2,D
40.297,27.433,310.7,1.1,1,2018-10-20,1105,A,69,6.0NRT,294.6,7,D
40.277,27.252,308,1.1,1.1,2018-10-20,1105,A,56,6.0NRT,292.1,5.6,D
40.292,27.256,305.4,1.1,1.1,2018-10-20,1105,A,49,6.0NRT,292.7,4.6,D
39.37,22.504,311.9,2,1.4,2018-10-20,1105,A,67,6.0NRT,296,15.5,D
40.335,27.337,309.2,1.1,1,2018-10-20,1105,A,60,6.0NRT,293.5,5.5,D
39.467,22.337,312.6,2.1,1.4,2018-10-20,1105,A,68,6.0NRT,298.4,13.3,D
40.765,26.469,309.5,1.2,1.1,2018-10-20,1105,A,57,6.0NRT,291.3,6.8,D
39.955,21.5,327,2.2,1.4,2018-10-20,1105,A,84,6.0NRT,292.2,75.2,D
39.95,21.474,334.8,2.2,1.5,2018-10-20,1105,A,89,6.0NRT,293.3,109.1,D
40.243,21.395,307.3,2.2,1.4,2018-10-20,1105,A,64,6.0NRT,294.2,14.5,D
42.508,22.335,322.5,1.7,1.3,2018-10-20,1105,A,82,6.0NRT,283.4,46.1,D
43.678,27.97,317.2,1,1,2018-10-20,1105,A,77,6.0NRT,290.3,12.5,D
43.509,23.956,312.1,1.4,1.2,2018-10-20,1105,A,70,6.0NRT,288.4,13.1,D
43.424,23.508,304.3,1.4,1.2,2018-10-20,1105,A,32,6.0NRT,286.4,7.1,D
43.616,24.082,348.9,1.3,1.1,2018-10-20,1105,A,90,6.0NRT,290.9,84.7,D
44.559,25.872,307.2,1.1,1,2018-10-20,1105,A,59,6.0NRT,292.4,6,D
44.942,27.025,311.4,1,1,2018-10-20,1105,A,71,6.0NRT,290.7,9.3,D
44.942,25.876,304.6,1.1,1,2018-10-20,1105,A,52,6.0NRT,289,3.8,D
44.541,22.715,306.7,1.5,1.2,2018-10-20,1105,A,0,6.0NRT,291.9,7.1,D
44.717,23.073,307,1.4,1.2,2018-10-20,1105,A,64,6.0NRT,291.9,9.5,D
46.221,33.36,315,1.4,1.2,2018-10-20,1105,A,72,6.0NRT,291.9,17,D
46.377,33.656,316.5,1.5,1.2,2018-10-20,1105,A,75,6.0NRT,296.7,17.6,D
46.625,34.431,324.8,1.6,1.2,2018-10-20,1105,A,82,6.0NRT,295.7,34.2,D
46.614,34.425,317.7,1.6,1.2,2018-10-20,1105,A,70,6.0NRT,296.5,19.9,D
46.626,34.423,319.1,1.6,1.2,2018-10-20,1105,A,77,6.0NRT,296.4,22.6,D
46.546,33.514,311.3,1.4,1.2,2018-10-20,1105,A,67,6.0NRT,296.9,8.8,D
45.833,27.568,305.1,1,1,2018-10-20,1105,A,49,6.0NRT,288.5,5.6,D
46.633,33.988,308.2,1.5,1.2,2018-10-20,1105,A,56,6.0NRT,295.2,7,D
46.631,33.968,356.4,1.5,1.2,2018-10-20,1105,A,98,6.0NRT,299,134.5,D
45.87,27.384,312.7,1,1,2018-10-20,1105,A,73,6.0NRT,293.5,8.3,D
46.006,27.542,320.1,1,1,2018-10-20,1105,A,80,6.0NRT,291,17.2,D
46.095,27.216,323.8,1,1,2018-10-20,1105,A,83,6.0NRT,292.4,20,D
46.273,27.66,315.9,1,1,2018-10-20,1105,A,66,6.0NRT,293.7,11.7,D
46.207,27.214,304.8,1,1,2018-10-20,1105,A,60,6.0NRT,291.3,4.3,D
46.955,29.113,302.3,1,1,2018-10-20,1105,A,26,6.0NRT,289.8,4.7,D
47.604,34.071,332.5,1.6,1.2,2018-10-20,1105,A,82,6.0NRT,289.5,56,D
47.615,34.069,357.7,1.6,1.2,2018-10-20,1105,A,99,6.0NRT,291.5,152,D
47.613,34.048,317.8,1.6,1.2,2018-10-20,1105,A,75,6.0NRT,291.8,24.7,D
47.595,33.84,308.4,1.5,1.2,2018-10-20,1105,A,60,6.0NRT,293.5,9.1,D
47.339,30.717,315.5,1.1,1.1,2018-10-20,1105,A,74,6.0NRT,297,11.3,D
47.337,30.703,330.6,1.1,1.1,2018-10-20,1105,A,86,6.0NRT,297.4,30.3,D
47.343,30.709,311.1,1.1,1.1,2018-10-20,1105,A,47,6.0NRT,297.1,8.6,D
47.714,33.769,310.5,1.5,1.2,2018-10-20,1105,A,65,6.0NRT,290.6,12.3,D
46.4,23.861,311.2,1.2,1.1,2018-10-20,1105,A,65,6.0NRT,293,9.6,D
46.419,23.854,310.2,1.2,1.1,2018-10-20,1105,A,23,6.0NRT,294.9,7.1,D
46.422,23.864,310.1,1.2,1.1,2018-10-20,1105,A,63,6.0NRT,293.7,7.6,D
47.4,29.712,316.8,1.1,1,2018-10-20,1105,A,76,6.0NRT,294.6,13.1,D
47.502,30.012,316.1,1.1,1,2018-10-20,1105,A,76,6.0NRT,295.3,12.6,D
47.504,29.671,302.7,1.1,1,2018-10-20,1105,A,44,6.0NRT,291.2,2.4,D
47.941,32.75,311.3,1.4,1.2,2018-10-20,1105,A,68,6.0NRT,293,12.7,D
47.939,32.732,325.1,1.4,1.2,2018-10-20,1105,A,83,6.0NRT,289.6,33.5,D
46.317,21.518,307.7,1.5,1.2,2018-10-20,1105,A,66,6.0NRT,292.1,8.6,D
47.597,28.395,307.5,1,1,2018-10-20,1105,A,66,6.0NRT,291.5,6.2,D
47.801,29.922,305.4,1.1,1,2018-10-20,1105,A,58,6.0NRT,292.3,5.3,D
47.856,30.056,305,1.1,1,2018-10-20,1105,A,56,6.0NRT,284.6,6.5,D
47.854,30.041,312.3,1.1,1,2018-10-20,1105,A,71,6.0NRT,286.4,12.1,D
48.3,34.383,306.4,1.7,1.3,2018-10-20,1105,A,55,6.0NRT,292.8,9.1,D
48.298,34.36,312.3,1.7,1.3,2018-10-20,1105,A,70,6.0NRT,293.5,17.8,D
48.324,34.401,305.8,1.7,1.3,2018-10-20,1105,A,25,6.0NRT,291.9,8.3,D
47.7,28.468,307.6,1,1,2018-10-20,1105,A,66,6.0NRT,291.9,5.9,D
48.332,34.395,307.6,1.7,1.3,2018-10-20,1105,A,63,6.0NRT,292.5,12,D
48.077,31.196,308.1,1.2,1.1,2018-10-20,1105,A,64,6.0NRT,295.4,7.2,D
47.717,27.988,301.6,1,1,2018-10-20,1105,A,38,6.0NRT,284.4,5.1,D
47.715,27.975,306.8,1,1,2018-10-20,1105,A,64,6.0NRT,283.6,7.9,D
48.222,31.795,305.5,1.3,1.1,2018-10-20,1105,A,56,6.0NRT,293.5,5.6,D
47.976,29.538,313.7,1.1,1,2018-10-20,1105,A,74,6.0NRT,285.4,12.7,D
47.972,29.279,304.4,1.1,1,2018-10-20,1105,A,38,6.0NRT,282.3,6.1,D
48.166,30.615,334.3,1.1,1.1,2018-10-20,1105,A,89,6.0NRT,292.6,39.8,D
48.281,31.586,321.7,1.2,1.1,2018-10-20,1105,A,81,6.0NRT,291.8,23.8,D
48.228,30.999,302,1.2,1.1,2018-10-20,1105,A,47,6.0NRT,289.3,3.9,D
48.124,29.921,309.7,1.1,1,2018-10-20,1105,A,69,6.0NRT,293.1,8.6,D
48.122,29.906,307.6,1.1,1,2018-10-20,1105,A,62,6.0NRT,293.8,7,D
48.264,30.489,310.8,1.1,1.1,2018-10-20,1105,A,71,6.0NRT,290.8,9.9,D
48.703,34.906,304.8,1.8,1.3,2018-10-20,1105,A,60,6.0NRT,285.1,12.7,D
48.272,30.394,305.1,1.1,1.1,2018-10-20,1105,A,0,6.0NRT,286.2,6.6,D
48.333,30.582,302.8,1.1,1.1,2018-10-20,1105,A,31,6.0NRT,285.1,4.8,N
48.163,28.692,304.3,1,1,2018-10-20,1110,A,50,6.0NRT,291.1,4.4,D
48.161,28.679,306.5,1,1,2018-10-20,1110,A,64,6.0NRT,291.4,6.1,D
48.235,29.1,311.8,1,1,2018-10-20,1110,A,72,6.0NRT,291.9,10.2,D
48.244,29.097,330.2,1,1,2018-10-20,1110,A,87,6.0NRT,293.4,29.5,D
48.242,29.083,305.5,1,1,2018-10-20,1110,A,42,6.0NRT,291.4,4.9,D
48.357,29.96,304.9,1.1,1,2018-10-20,1110,A,36,6.0NRT,291.8,4.7,D
48.355,29.945,306.4,1.1,1,2018-10-20,1110,A,52,6.0NRT,293.1,5.6,D
48.718,33.288,311.7,1.5,1.2,2018-10-20,1110,A,72,6.0NRT,284.8,20.3,D
48.394,29.709,306.6,1.1,1,2018-10-20,1110,A,64,6.0NRT,292.2,6.8,D
48.392,29.694,328,1.1,1,2018-10-20,1110,A,85,6.0NRT,292.8,28.5,D
48.402,29.419,304.6,1.1,1,2018-10-20,1110,A,22,6.0NRT,285.6,8.3,D
48.485,29.783,317.3,1.1,1,2018-10-20,1110,A,61,6.0NRT,291,15.8,D
48.82,32.817,306.8,1.4,1.2,2018-10-20,1110,A,39,6.0NRT,289.4,9.2,D
48.913,33.734,309.8,1.6,1.2,2018-10-20,1110,A,52,6.0NRT,282.6,19.9,D
48.83,32.815,317.7,1.4,1.2,2018-10-20,1110,A,78,6.0NRT,290.9,23.9,D
49.006,34.713,310.9,1.8,1.3,2018-10-20,1110,A,71,6.0NRT,292.8,16.6,D
48.914,33.726,310.9,1.6,1.2,2018-10-20,1110,A,0,6.0NRT,282.7,20.4,D
49.014,34.705,309.1,1.8,1.3,2018-10-20,1110,A,68,6.0NRT,292,14.8,D
48.693,30.966,307,1.2,1.1,2018-10-20,1110,A,37,6.0NRT,284.6,7.4,D
48.691,30.95,318.3,1.2,1.1,2018-10-20,1110,A,78,6.0NRT,287.4,18.9,D
48.703,30.964,307.3,1.2,1.1,2018-10-20,1110,A,28,6.0NRT,283.7,7.2,D
48.701,30.948,311.7,1.2,1.1,2018-10-20,1110,A,24,6.0NRT,287.2,11.3,D
46.642,18.392,302.2,2.2,1.4,2018-10-20,1110,A,49,6.0NRT,290.1,12.5,D
47.364,21.666,305.4,1.4,1.2,2018-10-20,1110,A,61,6.0NRT,291.6,8.6,D
49.213,34.633,307.9,1.8,1.3,2018-10-20,1110,A,66,6.0NRT,287.3,14,D
49.211,34.609,310.1,1.8,1.3,2018-10-20,1110,A,69,6.0NRT,289.4,17.3,D
49.189,34.182,323.1,1.7,1.3,2018-10-20,1110,A,82,6.0NRT,282.8,44.1,D
49.296,34.394,308.3,1.7,1.3,2018-10-20,1110,A,67,6.0NRT,282,18.8,D
49.357,34.878,303.3,1.8,1.3,2018-10-20,1110,A,55,6.0NRT,285,9.4,D
49.363,34.869,307.5,1.8,1.3,2018-10-20,1110,A,66,6.0NRT,285.6,14.8,D
48.955,30.117,308.7,1.1,1.1,2018-10-20,1110,A,68,6.0NRT,291.2,8.5,D
48.953,30.101,305.2,1.1,1.1,2018-10-20,1110,A,50,6.0NRT,292.3,5.7,D
48.964,30.114,304.7,1.1,1.1,2018-10-20,1110,A,29,6.0NRT,290.5,5,D
48.865,29.286,310.7,1.1,1,2018-10-20,1110,A,70,6.0NRT,286.8,10.6,D
49.519,34.787,303.8,1.8,1.3,2018-10-20,1110,A,57,6.0NRT,283.9,13.3,D
49.517,34.762,302.4,1.8,1.3,2018-10-20,1110,A,52,6.0NRT,281.9,11.6,D
49.13,29.714,307.8,1.1,1,2018-10-20,1110,A,66,6.0NRT,290.1,8.4,D
49.144,29.628,302.7,1.1,1,2018-10-20,1110,A,50,6.0NRT,290.5,5,D
49.602,33.981,305.4,1.7,1.3,2018-10-20,1110,A,39,6.0NRT,289.4,10.2,D
49.6,33.958,305.4,1.7,1.3,2018-10-20,1110,A,43,6.0NRT,290.3,9.9,D
49.219,29.777,302.1,1.1,1.1,2018-10-20,1110,A,50,6.0NRT,288.4,4.1,D
49.689,34.494,317.9,1.8,1.3,2018-10-20,1110,A,78,6.0NRT,285.4,36.3,D
49.687,34.469,308.9,1.8,1.3,2018-10-20,1110,A,68,6.0NRT,284.9,19.5,D
49.532,32.416,318.5,1.4,1.2,2018-10-20,1110,A,78,6.0NRT,270.8,29.2,D
49.697,34.485,313.9,1.8,1.3,2018-10-20,1110,A,69,6.0NRT,284.8,25.5,D
49.28,29.925,348.7,1.1,1.1,2018-10-20,1110,A,95,6.0NRT,291.7,68.3,D
49.279,29.91,341.7,1.1,1.1,2018-10-20,1110,A,92,6.0NRT,293,52.8,D
49.29,29.922,315.7,1.1,1.1,2018-10-20,1110,A,76,6.0NRT,290.9,14.6,D
49.288,29.907,328.1,1.1,1.1,2018-10-20,1110,A,85,6.0NRT,291.3,29.7,D
49.273,29.693,303.9,1.1,1,2018-10-20,1110,A,57,6.0NRT,290.5,5.5,D
49.417,30.435,309.5,1.2,1.1,2018-10-20,1110,A,36,6.0NRT,289.2,8.4,D
49.307,29.498,302.9,1.1,1,2018-10-20,1110,A,53,6.0NRT,289.3,4.9,D
49.418,30.429,308.1,1.2,1.1,2018-10-20,1110,A,53,6.0NRT,289.2,7.8,D
49.428,30.427,307.2,1.2,1.1,2018-10-20,1110,A,47,6.0NRT,289.1,6.8,D
49.426,30.411,330.4,1.2,1.1,2018-10-20,1110,A,87,6.0NRT,292.5,34.3,D
50.091,32.03,321.8,1.4,1.2,2018-10-20,1110,A,81,6.0NRT,289.8,31.1,D
50.089,32.011,308.5,1.4,1.2,2018-10-20,1110,A,67,6.0NRT,288.2,14,D
50.148,32.414,306,1.4,1.2,2018-10-20,1110,A,58,6.0NRT,291.2,9.3,D
50.147,32.395,312.3,1.4,1.2,2018-10-20,1110,A,68,6.0NRT,291.5,16.7,D
50.159,32.412,307.9,1.4,1.2,2018-10-20,1110,A,45,6.0NRT,291.8,10.8,D
50.157,32.392,326.2,1.4,1.2,2018-10-20,1110,A,79,6.0NRT,291.6,38,D
50.504,34.649,353.7,1.8,1.3,2018-10-20,1110,A,97,6.0NRT,282.4,175.1,D
50.502,34.623,349.7,1.8,1.3,2018-10-20,1110,A,96,6.0NRT,285.5,152.4,D
50.529,34.671,302.9,1.8,1.3,2018-10-20,1110,A,54,6.0NRT,274.9,18,D
50.527,34.645,308.5,1.8,1.3,2018-10-20,1110,A,67,6.0NRT,275.5,26.1,D
50.534,34.665,308.6,1.8,1.3,2018-10-20,1110,A,67,6.0NRT,274.1,26.8,D
50.532,34.639,301.5,1.8,1.3,2018-10-20,1110,A,47,6.0NRT,274.9,16.1,D
50.316,31.863,345.6,1.4,1.2,2018-10-20,1110,A,94,6.0NRT,292.7,81.7,D
50.314,31.844,303.3,1.4,1.2,2018-10-20,1110,A,55,6.0NRT,289.9,5.6,D
50.61,34.283,318.9,1.8,1.3,2018-10-20,1110,A,79,6.0NRT,279.3,41.2,D
50.608,34.258,316,1.8,1.3,2018-10-20,1110,A,76,6.0NRT,281.4,34.6,D
51.064,34.169,313.1,1.8,1.3,2018-10-20,1110,A,73,6.0NRT,287.6,26.1,D
51.152,34.12,313,1.8,1.3,2018-10-20,1110,A,73,6.0NRT,287.5,26.4,D
51.655,27.219,307.8,1,1,2018-10-20,1110,A,64,6.0NRT,287.5,9,D
51.893,26.581,328.3,1,1,2018-10-20,1110,A,86,6.0NRT,285.8,28.7,D
51.891,26.566,329.2,1,1,2018-10-20,1110,A,86,6.0NRT,288.5,29.9,D
51.959,26.113,304,1,1,2018-10-20,1110,A,17,6.0NRT,284.7,5.8,D
51.957,26.098,301.5,1,1,2018-10-20,1110,A,19,6.0NRT,282.5,4.2,D
52.404,29.533,303,1.2,1.1,2018-10-20,1110,A,51,6.0NRT,285.6,8.5,D
56.388,30.554,317.6,1.4,1.2,2018-10-20,1110,A,78,6.0NRT,280.4,29.3,D
36.869,6.982,310.3,1,1,2018-10-20,1245,A,55,6.0NRT,298.5,5.5,D
43.101,1.698,319.8,1.1,1,2018-10-20,1245,A,80,6.0NRT,290.9,18.4,D
43.099,1.684,312.6,1.1,1,2018-10-20,1245,A,73,6.0NRT,290.5,11.2,D
43.845,5.994,307.8,1.1,1,2018-10-20,1245,A,66,6.0NRT,293.6,5.9,D
43.356,1.258,307,1.1,1.1,2018-10-20,1245,A,64,6.0NRT,290.6,7.2,D
43.99,1.265,310,1.1,1,2018-10-20,1245,A,48,6.0NRT,290.8,8.5,D
43.997,1.249,306.9,1.1,1,2018-10-20,1245,A,61,6.0NRT,291,6.7,D
45.841,12.269,305.4,2.2,1.4,2018-10-20,1245,A,61,6.0NRT,293.3,13.4,D
44.783,0.619,307.2,1.1,1.1,2018-10-20,1245,A,61,6.0NRT,296.2,6.1,D
47.171,7.56,303.2,1.3,1.1,2018-10-20,1245,A,55,6.0NRT,292,6.9,D
46.825,2.303,310,1,1,2018-10-20,1245,A,66,6.0NRT,297.9,5.9,D
46.823,2.29,307.8,1,1,2018-10-20,1245,A,62,6.0NRT,297.6,4.2,D
46.982,-0.188,300.8,1.1,1.1,2018-10-20,1245,A,42,6.0NRT,289.5,3.1,D
51.171,3.807,314.8,1.1,1,2018-10-20,1245,A,57,6.0NRT,289.7,13.6,D
51.042,2.297,320.2,1,1,2018-10-20,1245,A,60,6.0NRT,292.3,16.1,D
51.041,2.283,305.6,1,1,2018-10-20,1245,A,0,6.0NRT,291.5,4.3,D
52.153,10.374,300.7,2,1.4,2018-10-20,1245,A,41,6.0NRT,286.8,11.8,D
51.546,-0.425,303,1,1,2018-10-20,1245,A,54,6.0NRT,288.9,5.2,D
53.565,-0.604,307.9,1,1,2018-10-20,1250,A,62,6.0NRT,288.8,8.7,D
53.88,-1.831,309.2,1,1,2018-10-20,1250,A,68,6.0NRT,284.8,10.7,D
53.877,-1.847,301.7,1,1,2018-10-20,1250,A,48,6.0NRT,287.1,5.7,D
